codigo;descripcion;campo;;
D250;Leiomioma submucoso del utero;;;
D251;Leiomioma intramural del utero;;;
D252;Leiomioma subseroso del utero;;;
D259;Leiomioma del utero; sin otra especificacion;;
D26;Otros tumores benignos del utero;;;
D260;Tumor benigno del cuello del utero;;;
D261;Tumor benigno del cuerpo del utero;;;
D267;Tumor benigno de otras partes especificadas del utero;;;
D269;Tumor benigno del utero; parte no especificada;;
D27;Tumor benigno del ovario;;;
D28;Tumor benigno de otros organos genitales femeninos y de los no especificados;;;
D280;Tumor benigno de la vulva;;;
D281;Tumor benigno de la vagina;;;
D282;Tumor benigno de la trompa de falopio y de los ligamentos uterinos;;;
D287;Tumor benigno de otros sitios especificados de los organos genitales femeninos;;;
D289;Tumor benigno de organo genital femenino; sitio no especificado;;
D29;Tumor benigno de los organos genitales masculinos;;;
D290;Tumor benigno del pene;;;
D291;Tumor benigno de la prostata;;;
D292;Tumor benigno de los testiculos;;;
D293;Tumor benigno del epididimo;;;
D294;Tumor benigno del escroto;;;
D297;Tumor benigno de otros organos genitales masculinos;;;
D299;Tumor benigno de organo genital masculino; sitio no especificado;;
D30;Tumor benigno de los organos urinarios;;;
D300;Tumor benigno del riñon;;;
D301;Tumor benigno de la pelvis renal;;;
D302;Tumor benigno del ureter;;;
D303;Tumor benigno de la vejiga;;;
D304;Tumor benigno de la uretra;;;
D307;Tumor benigno de otros organos urinarios;;;
D309;Tumor benigno de organo urinario no especificado;;;
D31;Tumor benigno del ojo y sus anexos;;;
D310;Tumor benigno de la conjuntiva;;;
D311;Tumor benigno de la cornea;;;
D312;Tumor benigno de la retina;;;
D313;Tumor benigno de la coroides;;;
D314;Tumor benigno del cuerpo ciliar;;;
D315;Tumor benigno de las glandulas y de los conductos lagrimales;;;
D316;Tumor benigno de la orbita; parte no especificada;;
D319;Tumor benigno del ojo; parte no especificada;;
D32;Tumor benigno de las meninges;;;
D320;Tumor benigno de las meninges cerebrales;;;
D321;Tumor benigno de las meninges raquideas;;;
D329;Tumor benigno de las meninges; parte no especificada;;
D33;Tumor benigno del encefalo y de otras partes del sistema nervioso central;;;
D330;Tumor benigno del encefalo; supratentorial;;
D331;Tumor benigno del encefalo; infratentorial;;
D332;Tumor benigno de encefalo; parte no especificada;;
D333;Tumor benigno de los nervios craneales;;;
D334;Tumor benigno de la medula espinal;;;
D337;Tumor benigno de otras partes especificadas del sistema nervioso central;;;
D339;Tumor benigno del sistema nervioso central; sitio no especificado;;
D34;Tumor benigno de la glandula tiroides;;;
D35;Tumor benigno de otras glandulas endocrinas y de las no especificadas;;;
D350;Tumor benigno de la glandula suprarrenal;;;
D351;Tumor benigno de la glandula paratiroides;;;
D352;Tumor benigno de la hipofisis;;;
D353;Tumor benigno del conducto craneofaringeo;;;
D354;Tumor benigno de la glandula pineal;;;
D355;Tumor benigno del cuerpo carotideo;;;
D356;Tumor benigno del cuerpo aortico y de otros cuerpos cromafines;;;
D357;Tumor benigno de otras glandulas endocrinas especificadas;;;
D358;Tumor benigno de pluriglandular;;;
D359;Tumor benigno de glandula endocrina no especificada;;;
D36;Tumor benigno de otros sitios y de los no especificados;;;
D360;Tumor benigno de los ganglios linfaticos;;;
D361;Tumor benigno de los nervios perifericos y del sistema nervioso autonomo;;;
D367;Tumor benigno de otros sitios especificados;;;
D369;Tumor benigno de sitio no especificado;;;
D37;Tumor de comportamiento incierto de la cavidad bucal y de los organos digestivos;;;
D370;Tumor de comportamiento incierto o desconocido del labio; de la cavidad bucal y de la faringe;;
D371;Tumor de comportamiento incierto o desconocido del estomago;;;
D372;Tumor de comportamiento incierto o desconocido del intestino delgado;;;
D373;Tumor de comportamiento incierto o desconocido del apendice;;;
D374;Tumor de comportamiento incierto o desconocido del colon;;;
D375;Tumor de comportamiento incierto o desconocido del recto;;;
D376;Tumor de comportamiento incierto o desconocido del higado; de la vesicula biliar y del conducto biliar;;
D377;Tumor de comportamiento incierto o desconocido de otros organos digestivos especificados;;;
D379;Tumor de comportamiento incierto o desconocido de organos digestivos; sitio no especificado;;
D38;Tumor de comportamiento incierto del oido medio y de los organos respiratorios e intratoracicos;;;
D380;Tumor de comportamiento incierto o desconocido de laringe;;;
D381;Tumor de comportamiento incierto o desconocido de la traquea; de los bronquios y del pulmon;;
D382;Tumor de comportamiento incierto o desconocido de la pleura;;;
D383;Tumor de comportamiento incierto o desconocido del mediastino;;;
D384;Tumor de comportamiento incierto o desconocido del timo;;;
D385;Tumor de comportamiento incierto o desconocido de otros organos respiratorios y del oido medio;;;
D386;Tumor de comportamiento incierto o desconocido de organos respiratorios; sitio no especificado;;
D39;Tumor de comportamiento incierto de los organos genitales femeninos;;;
D390;Tumor de comportamiento incierto o desconocido del utero;;;
D391;Tumor de comportamiento incierto o desconocido del ovario;;;
D392;Tumor de comportamiento incierto o desconocido de la placenta;;;
D397;Tumor de comportamiento incierto o desconocido de otros organos genitales femeninos;;;
D399;Tumor de comportamiento incierto o desconocido de organo genital femenino no especificado;;;
D40;Tumor de comportamiento incierto de los organos genitales masculinos;;;
D400;Tumor de comportamiento incierto o desconocido de la prostata;;;
D401;Tumor de comportamiento incierto o desconocido del testiculo;;;
D407;Tumor de comportamiento incierto o desconocido de otros organos genitales masculinos;;;
D409;Tumor de comportamiento incierto o desconocido de organo genital masculino no especificado;;;
D41;Tumor de comportamiento incierto de los organos urinarios;;;
D410;Tumor de comportamiento incierto o desconocido del riñon;;;
D411;Tumor de comportamiento incierto o desconocido dec la pelvis renal;;;
D412;Tumor de comportamiento incierto o desconocido del ureter;;;
D413;Tumor de comportamiento incierto o desconocido de la uretra;;;
D414;Tumor de comportamiento incierto o desconocido de la vejiga;;;
D417;Tumor de comportamiento incierto o desconocido de otros organos urinarios;;;
D419;Tumor de comportamiento incierto o desconocido de organo urinario no especificado;;;
D42;Tumor de comportamiento incierto de las meninges;;;
D420;Tumor de comportamiento incierto o desconocido de las meninges cerebrales;;;
D421;Tumor de comportamiento incierto o desconocido de las meninges raquideas;;;
D429;Tumor de comportamiento incierto o desconocido de las meninges; parte no especificada;;
D43;Tumor de comportamiento incierto del encefalo y del sistema nervioso central;;;
D430;Tumor de comportamiento incierto o desconocido del encefalo; supratentorial;;
D431;Tumor de comportamiento incierto o desconocido del encefalo; infratentorial;;
D432;Tumor de comportamiento incierto o desconocido del encefalo; parte no especificada;;
D433;Tumor de comportamiento incierto o desconocido de los nervios craneales;;;
D434;Tumor de comportamiento incierto o desconocido de la medula espinal;;;
D437;Tumor de comportamiento incierto o desconocido de otras partes especificadas del sistema nervioso central;;;
D439;Tumor de comportamiento incierto o desconocido del sistema nervioso central; sitio no especificado;;
D44;Tumor de comportamiento incierto de las glandulas endocrinas;;;
D440;Tumor de comportamiento incierto o desconocido de la glandula tiroides;;;
D441;Tumor de comportamiento incierto o desconocido de la glandula suprarrenal;;;
D442;Tumor de comportamiento incierto o desconocido de la glandula paratiroides;;;
D443;Tumor de comportamiento incierto o desconocido de la glandula hipofisis;;;
D444;Tumor de comportamiento incierto o desconocido del conducto craneofaringeo;;;
D445;Tumor de comportamiento incierto o desconocido de la glandula pineal;;;
D446;Tumor de comportamiento incierto o desconocido del cuerpo carotideo;;;
D447;Tumor de comportamiento incierto o desconocido del cuerpo aortico y otros cromafines;;;
D448;Tumor de comportamiento incierto o desconocido con afectacion pluriglandular;;;
D449;Tumor de comportamiento incierto o desconocido de glandula endocrina no especificada;;;
D45;Policitemia vera;;;
D46;Sindromes mielodisplasicos;;;
D460;Anemia refractaria sin sideroblastos; asi descrita;;
D461;Anemia refractaria con sideroblastos;;;
D462;Anemia refractaria con exceso de blastos;;;
D463;Anemia refractaria con exceso de blastos con transformacion;;;
D464;Anemia refractaria; sin otra especificacion;;
D467;Otros sindromes mielodisplasicos;;;
D469;Sindrome mielodisplasico; sin otra especificacion;;
D47;Otros tumores de comportamiento incierto o desconocido del tejido linfatico; de los organos hematopoyeticos y de tejidos afines;;
D470;Tumor de comportamiento incierto o desconocido de los mastocitos e histiocitos;;;
D471;Enfermedad mieloproliferativa cronica;;;
D472;Gammopatia monoclonal;;;
D473;Trombocitopenia (hemorragica) esencial;;;
D477;Otros tumores especificados de comportamiento incierto o desconocido del tejido linfatico; de los organos hematopoyeticos y de tejidos afines;;
D479;Tumores de comportamiento incierto o desconocido del tejido linfatico; de los organos hematopoyeticos y de tejidos afines; no especificados;
D48;Tumor de comportamiento incierto o desconocido de otros sitios y de los no especificados;;;
D480;Tumor de comportamiento incierto o desconocido del hueso y cartilago articular;;;
D481;Tumor de comportamiento incierto o desconocido del tejido conjuntivo y otro tejido blando;;;
D482;Tumor de comportamiento incierto o desconocido de los nervios perifericos y del sistema nervioso autonomo;;;
D483;Tumor de comportamiento incierto o desconocido del retroperitoneo;;;
D484;Tumor de comportamiento incierto o desconocido del peritoneo;;;
D485;Tumor de comportamiento incierto o desconocido de la piel;;;
D486;Tumor de comportamiento incierto o desconocido de la mama;;;
D487;Tumor de comportamiento incierto o desconocido de otros sitios especificados;;;
D489;Tumor de comportamiento incierto o desconocido; de sitio no especificado;;
D50;Anemias por deficiencia de hierro;;;
D500;Anemia por deficiencia de hierro secundaria a perdida de sangre (cronica);;;
D501;Disfagia sideropenica;;;
D508;Otras anemias por deficiencia de hierro;;;
D509;Anemia por deficiencia de hierro sin otra especificacion;;;
D51;Anemia por deficiencia de vitamina b12;;;
D510;Anemia por deficiencia de vitamina b12 debida a deficiencia del factor intrinseco;;;
D511;Anemia por deficiencia de vitamina b12 debida a mala absorcion selectiva de vitamina b12 con proteinuria;;;
D512;Deficiencia de trascobalamina ii;;;
D513;Otras anemias por deficiencia dietetica de vitamina b12;;;
D518;Otras anemias por deficiencia de vitamina b12;;;
D519;Anemia por deficiencia de vitamina b12; sin otra especificacion;;
D52;Anemia por deficiencia de folatos;;;
D520;Anemia por deficiencia dietetica de folatos;;;
D521;Anemia por deficiencia de folatos inducida por drogas;;;
D528;Otras anemias por deficiencia de folatos;;;
D529;Anemia por deficiencia de folatos; sin otra especificacion;;
D53;Otras anemias nutricionales;;;
D530;Anemia por deficiencia de proteinas;;;
D531;Otras anemias megaloblasticas; no clasificadas en otra parte;;
D532;Anemia escorbutica;;;
D538;Otras anemias nutricionales especificadas;;;
D539;Anemia nutricional; no especificada;;
D55;Anemia debida a trastornos enzimaticos;;;
D550;Anemia debida a deficiencia de glucosa;;;
D551;Anemia debida a otros trastornos del metabolismo del glutation;;;
D552;Anemia debida a trastornos de las enzimas glucoliticas;;;
D553;Anemia debida a trastornos del metabolismo de los nucleotidos;;;
D558;Otras anemias debidas a trastornos enzimaticos;;;
D559;Anemia debida a trastornos enzimaticos; sin otra especificacion;;
D56;Talasemia;;;
D560;Alfa talasemia;;;
D561;Beta talasemia;;;
D562;Delta;;;
D563;Rasgo talasemico;;;
D564;Persistencia hereditaria de la hemoglobina fetal (phhf);;;
D568;Otras talasemias;;;
D569;Talasemia; no especificada;;
D57;Trastornos falciformes;;;
D570;Anemia falciforme con crisis;;;
D571;Anemia falciforme sin crisis;;;
D572;Trastornos falciformes heterocigoticos dobles;;;
D573;Rasgo drepanocitico;;;
D578;Otros trastornos falciformes;;;
D58;Otras anemias hemoliticas hereditarias;;;
D580;Esferocitosis hereditaria;;;
D581;Eliptocitosis hereditaria;;;
D582;Otras hemoglobinopatias;;;
D588;Otras anemias hemoliticas hereditarias especificadas;;;
D589;Anemia hemolitica hereditaria; sin otra especificacion;;
D59;Anemia hemolitica adquirida;;;
D590;Anemia hemolitica autoinmune inducida por drogas;;;
D591;Otras anemias hemoliticas autoinmunes;;;
D592;Anemia hemolitica no autoinmune inducida por drogas;;;
D593;Sindrome hemolitico;;;
D594;Otras anemias hemoliticas no autoinmunes;;;
D595;Hemoglobinuria paroxistica nocturna [marchiafava;;;
D596;Hemoglobinuria debida a hemolisis por otras causas externas;;;
D598;Otras anemias hemoliticas adquiridas;;;
D599;Anemias hemolitica adquirida; sin otra especificacion;;
D60;Aplasia adquirida; exclusiva de la serie roja [ eritoblastopenia ];;
D600;Aplasia cronica adquirida; exclusiva de la serie roja;;
D601;Aplasia transitoria adquirida; exclusiva de la serie roja;;
D608;Otras aplasias adquiridas; exclusivas de la serie roja;;
D609;Aplasia adquirida; exclusiva de la serie roja; no especificada;
D61;Otras anemias aplasticas;;;
D610;Anemia aplastica constitucional;;;
D611;Anemia aplastica inducida por drogas;;;
D612;Anemia aplastica debida a otros agentes externos;;;
D613;Anemia aplastica idiopatica;;;
D618;Otras anemias aplasticas especificadas;;;
D619;Anemia aplastica; sin otra especificacion;;
D62;Anemia posthemorragica aguda;;;
D63;Anemia en efermedades cronicas clasificadas en otra parte;;;
D630;Anemia en enfermedad neoplasica (c00;;;
D638;Anemia en otras enfermedades cronicas clasificadas en otra parte;;;
D64;Otras anemias;;;
D640;Anemia sideroblastica hereditaria;;;
D641;Anemia sideroblastica secundaria a otra enfermedad;;;
D642;Anemia sideroblastica secundaria; debida a drogas y toxinas;;
D643;Otras anemias sideroblasticas;;;
D644;Anemia diseritropoyetica congenita;;;
D648;Otras anemias especificadas;;;
D649;Anemia de tipo no especificado;;;
D65;Coagulacion intravascular diseminada;;;
D66;Deficiencia hereditaria del factor viii;;;
D67;Deficiencia hereditaria del factor ix;;;
D68;Otros defectos de la coagulacion;;;
D680;Enfermedad de von willebrand;;;
D681;Deficiencia hereditaria del factor xi;;;
D682;Deficiencia hereditaria de otros factores de la coagulacion;;;
D683;Trastorno hemorragico debido a anticoagulantes circulantes;;;
D684;Deficiencia adquirida de factores de la coagulacion;;;
D688;Otros defectos especificados de la coagulacion;;;
D689;Defecto de la coagulacion; no especificado;;
D69;Purpura y otras afecciones hemorragicas;;;
D690;Purpura alergica;;;
D691;Defectos cualitativos de las plaquetas;;;
D692;Otras purpuras no trombocitopenicas;;;
D693;Purpura trombocitopenica idiopatica;;;
D694;Otras trombocitopenias primarias;;;
D695;Trombocitopenia secundaria;;;
D696;Trombocitopenia no especificada;;;
D698;Otras afecciones hemorragicas especificadas;;;
D699;Afeccion hemorragica; no especificada;;
D70;Agranulocitosis;;;
D71;Trastornos funcionales polimorfonucleares neutrofilos;;;
D72;Otros trastornos de los leucocitos;;;
D720;Anomalias geneticas de los leucocitos;;;
D721;Eosinofilia;;;
D728;Otros trastornos especificados de los leucocitos;;;
D729;Trastornos de los leucocitos; no especificado;;
D73;Enfermedades del bazo;;;
D730;Hipoesplenismo;;;
D731;Hiperesplenismo;;;
D732;Esplenomegalia congestiva cronica;;;
D733;Absceso del bazo;;;
D734;Quiste del bazo;;;
D735;Infarto del bazo;;;
D738;Otras enfermedades del bazo;;;
D739;Enfermedad del bazo; no especificada;;
D74;Metahemoglobinemia;;;
D740;Metahemoglobinemia congenita;;;
D748;Otras metahemoglobinemias;;;
D749;Metahemoglobinemia; no especificada;;
D75;Otras enfermedades de la sangre y de los organos hematopoyeticos;;;
D750;Eritrocitosis familiar;;;
D751;Policitemia secundaria;;;
D752;Trombocitosis esencial;;;
D758;Otras enfermedades especificadas de la sangre y de los organos hematopoyeticos;;;
D759;Enfermedad de la sangre y de los organos hematopoyeticos; no especificada;;
D76;Ciert enfermedades que afectanan el tejido linforreticular y al sistema reticuloendotelial;;;
D760;Histiocitosis de las celulas de langerhans; no clasificada en otra parte;;
D761;Linfohistiocitosis hemofagocitica;;;
D762;Sindrome hemofagocitico asociado a infeccion;;;
D763;Otros sindromes histiociticos;;;
D77;Otros trastornos de la sangre y de los organos hematopoyeticos en enfermedades clasificadas en otra parte;;;
D80;Inmunodeficiencia con predominio de defectos de los anticuerpos;;;
D800;Hipogammaglobulinemia hereditaria;;;
D801;Hipogammaglobulinemia no familiar;;;
D802;Deficiencia selectiva de inmunoglobulina a [iga];;;
D803;Deficiencia selectiva de subclases de la inmunoglobulina g [igg];;;
D804;Deficiencia selectiva de inmunoglobulina m [igm];;;
D805;Inmunodeficiencia con incremento de inmunoglobulina m [igm];;;
D806;Deficiencia de anticuerpos con inmunoglobulinas casi normales o con hiperinmunoglobulinemia;;;
D807;Hipogammaglobulinemia transitoria de la infancia;;;
D808;Otras inmunodeficiencias con predominio de defectos de los anticuerpos;;;
D809;Inmunodeficiencia con predominio de defectos de los anticuerpos; no especificada;;
D81;Inmunodeficiencias combinadas;;;
D810;Inmunodeficiencia combinada severa [idcs] con disgenesia reticular;;;
D811;Inmunodeficiencia combinada severa [idcs] con linfocitopenia t y b;;;
D812;Inmunodeficiencia combinada severa [idcs] con cifra baja o normal de linfocitos b;;;
D813;Deficiencia de la adenosina deaminasa [ada];;;
D814;Sindrome de nezelof;;;
D815;Deficiencia de la fosforilasa purinonucleosida [fpn];;;
D816;Deficiencia de la clase i del complejo de histocompatibilidad mayor;;;
D817;Deficiencia de la clase ii del complejo de histocompatibilidad mayor;;;
D818;Otras inmunodeficiencias combinadas;;;
D819;Inmunodeficiencia combinada; no especificada;;
D82;Inmunodeficiencias asociadas a otros defectos mayores;;;
D820;Sindrome de wiskott;;;
D821;Sindrome de di george;;;
D822;Inmunodeficiencia con enanismo micromelico [miembros cortos];;;
D823;Inmunodeficiencia consecutiva a respuesta defectuosa hereditaria contra el virus de epstein;;;
D824;Sindrome de hiperinmunoglobulina e [ige];;;
D828;Inmunodeficiencia asociada con otros defectos mayores especificados;;;
D829;Inmunodeficiencia asociada con otros defectos mayores no especificados;;;
D83;Inmunodeficiencia variable comun;;;
D830;Inmunodeficiencia variable comun con predominio de anormalidades en el numero y la funcion de los linfocitos b;;;
D831;Inmunodeficiencia variable comun con predominio de trastornos inmunorreguladores de los linfocitos t;;;
D832;Inmunodeficiencia variable comun con autoanticuerpos anti;;;
D838;Otras inmunodeficiencias variables comunes;;;
D839;Inmunodeficiencia variable comun; no especificada;;
D84;Otras inmunodeficiencias;;;
D840;Defecto de la funcion del antigeno;;;
D841;Defecto del sistema del complemento;;;
D848;Otras inmunodeficiencias especificadas;;;
D849;Inmunodeficiencia; no especificada;;
D86;Sarcoidosis;;;
D860;Sarcoidosis del pulmon;;;
D861;Sarcoidosis de los ganglios linfaticos;;;
D862;Sarcoidosis del pulmon y de los ganglios linfaticos;;;
D863;Sarcoidosis de la piel;;;
D868;Sarcoidosis de otros sitios especificados o de sitios combinados;;;
D869;Sarcoidosis de sitio no especificado;;;
D89;Otros trastornos que afectanan el mecanismo de la inmunidad no clasificadas en otra parte;;;
D890;Hipergammaglobulinemia policlonal;;;
D891;Crioglobulinemia;;;
D892;Hipergammaglobulinemia; no especificada;;
D898;Otros trastornos especificados que afectan el mecanismo de la inmunidad; no clasificados en otra parte;;
D899;Trastorno que afecta al mecanismo de la inmunidad; no especificado;;
E00;Sindrome congenito de deficiencia de yodo;;;
E000;Sindrome congenito de deficiencia de yodo; tipo neurologico;;
E001;Sindrome de deficiencia congenita de yodo; tipo mixedematoso;;
E002;Sindrome congenito de deficiencia de yodo; tipo mixto;;
E009;Sindrome congenito de deficiencia de yodo; no especificado;;
E01;Trastornos tiroideos vinculados a deficiencia de yodo y afecciones relacionadas relacionadas;;;
E010;Bocio difuso (endemico) relacionado con deficiencia de yodo;;;
E011;Bocio multinodular (endemico) relacionado con deficiencia de yodo;;;
E012;Bocio (endemico) relacionado con deficiencia de yodo; no especificado;;
E018;Otros trastornos de la tiroides relacionados con deficiencia de yodo y afecciones similares;;;
E02;Hipotiroidismo subclinico por deficiencia yodo;;;
E03;Otros hipotiroidismos;;;
E030;Hipotiroidismo congenito con bocio difuso;;;
E031;Hipotiroidismo congenito sin bocio;;;
E032;Hipotiroidismo debido a medicamentos y a otras sustancias exogenas;;;
E033;Hipotiroidismo postinfeccioso;;;
E034;Atrofia de tiroides (adquirida);;;
E035;Coma mixedematoso;;;
E038;Otros hipotiroidismos especificados;;;
E039;Hipotiroidismo; no especificado;;
E04;Otros bocios no toxicos;;;
E040;Bocio difuso no toxico;;;
E041;Nodulo tiroideo solitario no toxico;;;
E042;Bocio multinodular no toxico;;;
E048;Otros bocios no toxicos especificados;;;
E049;Bocio no toxico; no especificado;;
E05;Tirotoxicosis [ hipertiroidismo ];;;
E050;Tirotoxicosis con bocio difuso;;;
E051;Tirotoxicosis con nodulo solitario tiroideo toxico;;;
E052;Tirotoxicosis con bocio multinodular toxico;;;
E053;Tirotoxicosis por tejido tiroideo ectopico;;;
E054;Tirotoxicosis facticia;;;
E055;Crisis o tormenta tirotoxica;;;
E058;Otras tirotoxicosis;;;
E059;Tirotoxicosis; no especificada;;
E06;Tiroiditis;;;
E060;Tiroiditis aguda;;;
E061;Tiroiditis subaguda;;;
E062;Tiroiditis cronica con tirotoxicosis transitoria;;;
E063;Tiroiditis autoinmune;;;
E064;Tiroiditis inducida por drogas;;;
E065;Otras tiroiditis cronicas;;;
E069;Tiroiditis; no especificada;;
E07;Otros trastornos tiroideos;;;
E070;Hipersecrecion de calcitonina;;;
E071;Bocio dishormogenetico;;;
E078;Otros trastornos especificados de la glandula tiroides;;;
E079;Trastorno de la glandula tiroides; no especificado;;
E10;Diabetes mellitus insulinodependiente;;;
E100;Diabetes mellitus insulinodependiente con coma;;;
E101;Diabetes mellitus insulinodependiente con cetoacidosis;;;
E102;Diabetes mellitus insulinodependiente con complicaciones renales;;;
E103;Diabetes mellitus insulinodependiente con complicaciones oftalmicas;;;
E104;Diabetes mellitus insulinodependiente con complicaciones neurologicas;;;
E105;Diabetes mellitus insulinodependiente con complicaciones circulatorias perifericas;;;
E106;Diabetes mellitus insulinodependiente con otras complicaciones especificadas;;;
E107;Diabetes mellitus insulinodependiente con complicaciones multiples;;;
E108;Diabetes mellitus insulinodependiente con complicaciones no especificadas;;;
E109;Diabetes mellitus insulinodependiente sin mencion de complicacion;;;
E11;Diabetes mellitus no insulinodependiente;;;
E110;Diabetes mellitus no insulinodependiente con coma;;;
E111;Diabetes mellitus no insulinodependiente con cetoacidosis;;;
E112;Diabetes mellitus no insulinodependiente con complicaciones renales;;;
E113;Diabetes mellitus no insulinodependiente con complicaciones oftalmicas;;;
E114;Diabetes mellitus no insulinodependiente con complicaciones neurologicas;;;
E115;Diabetes mellitus no insulinodependiente con complicaciones circulatorias perifericas;;;
E116;Diabetes mellitus no insulinodependiente con otras complicaciones especificadas;;;
E117;Diabetes mellitus no insulinodependiente con complicaciones multiples;;;
E118;Diabetes mellitus no insulinodependiente con complicaciones no especificadas;;;
E119;Diabetes mellitus no insulinodependiente sin mencion de complicacion;;;
E12;Diabetes mellitus asociados con desnutricion;;;
E120;Diabetes mellitus asociada con desnutricion con coma;;;
E121;Diabetes mellitus asociada con desnutricion con cetoacidosis;;;
E122;Diabetes mellitus asociada con desnutricion con complicaciones renales;;;
E123;Diabetes mellitus asociada con desnutricion con complicaciones oftalmicas;;;
E124;Diabetes mellitus asociada con desnutricion con complicaciones neurologicas;;;
E125;Diabetes mellitus asociada con desnutricion con complicaciones circulatorias perifericas;;;
E126;Diabetes mellitus asociada con desnutricion con otras complicaciones especificadas;;;
E127;Diabetes mellitus asociada con desnutricion con complicaciones multiples;;;
E128;Diabetes mellitus asociada con desnutricion con complicaciones no especificadas;;;
E129;Diabetes mellitus asociada con desnutricion sin mencion de complicacion;;;
E13;Otras diabetes mellitus especificadas;;;
E130;Otras diabetes mellitus especificadas con coma;;;
E131;Otras diabetes mellitus especificadas con cetoacidosis;;;
E132;Otras diabetes mellitus especificadas con complicaciones renales;;;
E133;Otras diabetes mellitus especificadas con complicaciones oftalmicas;;;
E134;Otras diabetes mellitus especificadas con complicaciones neurologicas;;;
E135;Otras diabetes mellitus especificadas con complicaciones circulatorias perifericas;;;
E136;Otras diabetes mellitus especificadas con otras complicaciones especificadas;;;
E137;Otras diabetes mellitus especificadas con complicaciones multiples;;;
E138;Otras diabetes mellitus especificadas con complicaciones no especificadas;;;
E139;Otras diabetes mellitus especificadas sin mencion de complicacion;;;
E14;Diabetes mellitus no especificada;;;
E140;Diabetes mellitus; no especificada con coma;;
E141;Diabetes mellitus; no especificada con cetoacidosis;;
E142;Diabetes mellitus; no especificada con complicaciones renales;;
E143;Diabetes mellitus; no especificada con complicaciones oftalmicas;;
E144;Diabetes mellitus; no especificada con complicaciones neurologicas;;
E145;Diabetes mellitus; no especificada con complicaciones circulatorias perifericas;;
E146;Diabetes mellitus; no especificada con otras complicaciones especificadas;;
E147;Diabetes mellitus; no especificada con complicaciones multiples;;
E148;Diabetes mellitus; no especificada con complicaciones no especificadas;;
E149;Diabetes mellitus; no especificada sin mencion de complicacion;;
E15;Coma hipoglicemico no diabetico;;;
E16;Otros trastornos de la secrecion interna del pancreas;;;
E160;Hipoglicemia sin coma; inducida por drogas;;
E161;Otras hipoglicemias;;;
E162;Hipoglicemia ; no especificada;;
E163;Secrecion exagerada del glucagon;;;
E164;Secrecion anormal de gastrina;;;
E168;Otros trastornos especificados de la secrecion interna del pancreas;;;
E169;Trastornos de la secrecion interna del pancreas; sin otra especificacion;;
E20;Hipoparatiroidismo;;;
E200;Hipoparatiroidismo idiopatico;;;
E201;Pseudohipoparatiroidismo;;;
E208;Otros tipos de hipoparatiroidismo;;;
E209;Hipoparatiroidismo; no especificado;;
E21;Hiperparatiroidismo y otros trastornos de la glandula paratiroides;;;
E210;Hiperparatiroidismo primario;;;
E211;Hiperparatiroidismo secundario no clasificado en otra parte;;;
E212;Otros tipos de hiperparatiroidismo;;;
E213;Hiperparatiroidismo; sin otra especificacion;;
E214;Otros trastornos especificados de la glandula paratiroides;;;
E215;Trastorno de la glandula paratiroides; no especificado;;
E22;Hiperfuncion de la glandula hipofisis;;;
E220;Acromegalia y gigantismo hipofisario;;;
E221;Hiperprolactinemia;;;
E222;Sindrome de secrecion inapropiada de hormona antidiuretica;;;
E228;Otras hiperfunciones de la glandula hipofisis;;;
E229;Hiperfuncion de la glandula hipofisis; no especificada;;
E23;Hipofuncion y otros trastornos de la glandula hipofisis;;;
E230;Hipopituitarismo;;;
E231;Hipopituitarismo inducido por drogas;;;
E232;Diabetes insipida;;;
E233;Disfuncion hipotalamica; no clasificada en otra parte;;
E236;Otros trastornos de la glandula hipofisis;;;
E237;Trastorno de la glandula hipofisis; no especificado;;
E24;Sindrome de cushing;;;
E240;Enfermedad de cushing dependiente de la hipofisis;;;
E241;Sindrome de nelson;;;
E242;Sindrome de cushing inducido por drogas;;;
E243;Sindrome de acth ectopico;;;
E244;Sindrome de seudo;;;
E248;Otros tipos de sindrome de cushing;;;
E249;Sindrome de cushing; no especificado;;
E25;Trastornos adrenogenitales;;;
E250;Trastornos adrenogenitales congenitos con deficiencia enzimatica;;;
E258;Otros trastornos adrenogenitales;;;
E259;Trastorno adrenogenital; no especificado;;
E26;Hiperaldosteronismo;;;
E260;Hiperaldosteronismo primario;;;
E261;Hiperaldosteronismo secundario;;;
E268;Otros tipos de hiperaldosteronismo;;;
E269;Hiperaldosteronismo; no especificado;;
E27;Otros trastornos de la glandula suprarrenal;;;
E270;Otra hiperactividad corticosuprarrenal;;;
E271;Insuficiencia corticosuprarrenal primaria;;;
E272;Crisis addisoniana;;;
E273;Insuficiencia corticosuprarrenal inducida por drogas;;;
E274;Otras insuficiencias corticosuprarrenales y las no especificadas;;;
E275;Hiperfuncion de la medula suprarrenal;;;
E278;Otros trastornos especificados de la glandula suprarrenal;;;
E279;Trastorno de la glandula suprarrenal; no especificado;;
E28;Disfuncion ovarica;;;
E280;Exceso de estrogenos;;;
E281;Exceso de androgenos;;;
E282;Sindrome de ovario poliquistico;;;
E283;Insuficiencia ovarica primaria;;;
E288;Otras disfunciones ovaricas;;;
E289;Disfuncion ovarica; no especificada;;
E29;Disfuncion testicular;;;
E290;Hiperfuncion testicular;;;
E291;Hipofuncion testicular;;;
E298;Otras disfunciones testiculares;;;
E299;Disfuncion testicular; no especificada;;
E30;Trastornos de la pubertad no clasificadas en otra parte;;;
E300;Pubertad retardada;;;
E301;Pubertad precoz;;;
E308;Otros trastornos de la pubertad;;;
E309;Trastorno de la pubertad; no especificado;;
E31;Disfuncion poliglandular;;;
E310;Insuficiencia piloglandular autoinmune;;;
E311;Hiperfuncion poliglandular;;;
E318;Otras disfunciones poliglandulares;;;
E319;Disfuncion poliglandular; no especificada;;
E32;Enfermedades del timo;;;
E320;Hiperplasia persistente del timo;;;
E321;Absceso del timo;;;
E328;Otras enfermedades del timo;;;
E329;Enfermedad del timo; no especificada;;
E34;Otros trastornos endocrinos;;;
E340;Sindrome carcinoide;;;
E341;Otras hipersecreciones de hormonas intestinales;;;
E342;Secrecion hormonal ectopica; no clasificada en otra parte;;
E343;Enanismo; no clasificado en otra parte;;
E344;Estatura alta constitucional;;;
E345;Sindrome de resistencia androgenica;;;
E348;Otros trastornos endocrinos especificados;;;
E349;Trastorno endocrino; no especificado;;
E35;Trastornos endocrinos en enfermedades clasificados en otra parte;;;
E350;Trastornos de la glandula tiroides en enfermedades clasificadas en otra parte;;;
E351;Trastornos de la glandulas suprarrenales en enfermedades clasificadas en otra parte;;;
E358;Trastornos de otras glandulas endocrinas en enfermedades clasificadas en otra parte;;;
E40;Kwashiorkor;;;
E41;Marasmo nutricional;;;
E42;Kwashiorkor marasmatico;;;
E43;Desnutricion protcalorica severa no especificada;;;
E44;Desnutricion protcalorica de grado moderado y leve;;;
E440;Desnutricion proteicocalorica moderada;;;
E441;Desnutricion proteicocalorica leve;;;
E45;Retardo del desarrollo debidas a desnutricion protcalorico;;;
E46;Desnutricion protcalorica no especificada;;;
E50;Deficiencia de vitamina a;;;
E500;Deficiencia de vitamina a con xerosis conjuntival;;;
E501;Deficiencia de vitamina a con mancha de bitot y xerosis conjuntival;;;
E502;Deficiencia de vitamina a con xerosis corneal;;;
E503;Deficiencia de vitamina a con ulceracion corneal y xerosis;;;
E504;Deficiencia de vitamina a con queratomalacia;;;
E505;Deficiencia de vitamina a con ceguera nocturna;;;
E506;Deficiencia de vitamina a con cicatrices xeroftalmicas de la cornea;;;
E507;Otras manifestaciones oculares de deficiencia de vitamina a;;;
E508;Otras manifestaciones de deficiencia de vitamina a;;;
E509;Deficiencia de vitamina a; no especificada;;
E51;Deficiencia de tiamina;;;
E511;Beriberi;;;
E512;Encefalopatia de wernicke;;;
E518;Otras manifestaciones de la deficiencia de tiamina;;;
E519;Deficiencia de tiamina; no especificada;;
E52;Deficiencia de niacina;;;
E53;Deficiencia de otras vitaminas del grupo b;;;
E530;Deficiencia de riboflavina;;;
E531;Deficiencia de piridoxina;;;
E538;Deficiencia de otras vitaminas del grupo b;;;
E539;Deficiencia de vitamina b; no especificada;;
E54;Deficiencia de acido ascorbico;;;
E55;Deficiencia de vitamina d;;;
E550;Raquitismo activo;;;
E559;Deficiencia de vitamina d; no especificada;;
E56;Otras deficiencias de vitaminas;;;
E560;Deficiencia de vitamina e;;;
E561;Deficiencia de vitamina k;;;
E568;Deficiencia de otras vitaminas;;;
E569;Deficiencia de vitamina; no especificada;;
E58;Deficiencia dietetica de calcio;;;
E59;Deficiencia dietetica de selenio;;;
E60;Deficiencia dietetica de zinc;;;
E61;Deficiencia de otros elementos nutricionales;;;
E610;Deficiencia de cobre;;;
E611;Deficiencia de hierro;;;
E612;Deficiencia de magnesio;;;
E613;Deficiencia de manganeso;;;
E614;Deficiencia de cromo;;;
E615;Deficiencia de molibdeno;;;
E616;Deficiencia de vanadio;;;
E617;Deficiencia de multiples elementos nutricionales;;;
E618;Deficiencia de otros elementos nutricionales especificados;;;
E619;Deficiencia de otro elemento nutricional; no especificado;;
E63;Otras deficiencias nutricionales;;;
E630;Deficiencia de acidos grasos esenciales [age];;;
E631;Desequilibrio de los constituyentes en la dieta;;;
E638;Otras deficiencias nutricionales especificadas;;;
E639;Deficiencia nutricional; no especificada;;
E64;Secuelas de la desnutricion y otras deficiencias nutricionales;;;
E640;Secuelas de la desnutricion proteicocalorica;;;
E641;Secuelas de la deficiencia de vitamina a;;;
E642;Secuelas de la deficiencia de vitamina c;;;
E643;Secuelas del raquitismo;;;
E648;Secuelas de otras deficiencias nutricionales;;;
E649;Secuelas de la deficiencia nutricional no especificada;;;
E65;Adiposidad localizada;;;
E66;Obesidad;;;
E660;Obesidad debida a exceso de calorias;;;
E661;Obesidad inducida por drogas;;;
E662;Obesidad extrema con hipoventilacion alveolar;;;
E668;Otros tipos de obesidad;;;
E669;Obesidad; no especificada;;
E67;Otros tipos de hiperalimentacion;;;
E670;Hipervitaminosis a;;;
E671;Hipercarotinemia;;;
E672;Sindrome de megavitamina b6;;;
E673;Hipervitaminosis d;;;
E678;Otros tipos de hiperalimentacion especificados;;;
E68;Secuelas de hiperalimentacion;;;
E70;Trastornos del metabolismo de los aminoacidos aromaticos;;;
E700;Fenilcetonuria clasica;;;
E701;Otras hiperfenilalaninemias;;;
E702;Trastornos del metabolismo de la tirosina;;;
E703;Albinismo;;;
E708;Otros trastornos del metabolismo de los aminoacidos aromaticos;;;
E709;Trastorno del metabolismo de los aminoacidos aromaticos; no especificado;;
E71;Trastornos del metabolismo de los aminoacidos de cadena ramificada y de los acidos grasos;;;
E710;Enfermedad de la orina en jarabe de arce;;;
E711;Otros trastornos del metabolismo de los aminoacidos de cadena ramificada;;;
E712;Otros trastornos del metabolismo de los aminoacidos de cadena ramificada; no especificados;;
E713;Trastornos del metabolismo de los acidos grasos;;;
E72;Otros trastornos del metabolismo de los aminoacidos;;;
E720;Trastornos del transporte de los aminoacidos;;;
E721;Trastorno del metabolismo de los aminoacidos azufrados;;;
E722;Trastornos del metabolismo del ciclo de la urea;;;
E723;Trastornos del metabolismo de la lisina y la hidroxilisina;;;
E724;Trastorno del metabolismo de la ornitina;;;
E725;Trastorno del metabolismo de la glicina;;;
E728;Otros trastornos especificados del metabolismo de los aminoacidos;;;
E729;Trastorno del metabolismo de los aminoacidos; no especificado;;
E73;Intolerancia a la lactosa;;;
E730;Deficiencia congenita de lactasa;;;
E731;Deficiencia secundaria de lactasa;;;
E738;Otros tipos de intolerancia a la lactosa;;;
E739;Intolerancia a la lactosa; no especificada;;
E74;Otros trastornos del metabolismo de los carbohidratos;;;
E740;Enfermedad del almacenamiento de glucogeno;;;
E741;Trastornos del metabolismo de la fructosa;;;
E742;Trastorno del metabolismo de la galactosa;;;
E743;Otros trastornos de la absorcion intestinal de carbohidratos;;;
E744;Trastornos del metabolismo del piruvato y de las gluconeogenesis;;;
E748;Otros trastornos especificados del metabolismo de los carbohidratos;;;
E749;Trastorno del metabolismo de los carbohidratos; no especificado;;
E75;Trastornos del metabolismo de los esfingolipidos y otros trastornos por almacenamiento de lipidos;;;
E750;Gangliosidosis gm2;;;
E751;Otras gangliosidosis;;;
E752;Otras esfingolipidosis;;;
E753;Esfingolipidosis; no especificada;;
E754;Lipofuscinosis ceroide neuronal;;;
E755;Otros trastornos del almacenamiento de lipidos;;;
E756;Trastornos de almacenamiento de lipidos; no especificado;;
E76;Trastornos del metabolismo de los glucosaminoglicanos;;;
E760;Mucopolisacaridosis tipo i;;;
E761;Mucopolisacaridosis tipo ii;;;
E762;Otras mucopolisacaridosis;;;
E763;Mucopolisacaridosis no especificada;;;
E768;Otro trastornos del metabolismo de los glucosaminoglicanos;;;
E769;Trastorno del metabolismo de los glucosaminoglicanos; no especificado;;
E77;Trastornos del metabolismo de las glucoproteinas;;;
E770;Defectos en la modificacion postraslacional de enzimas lisosomales;;;
E771;Defectos de la degradacion de glucoproteinas;;;
E778;Otros trastornos del metabolismo de las glucoproteinas;;;
E779;Trastorno del metabolismo de las glucoproteinas; no especificado;;
E78;Trastornosdel metabolismo de las lipoproteinas y otras lipidemias;;;
E780;Hipercolesterolemia pura;;;
E781;Hipergliceridemia pura;;;
E782;Hiperlipidemia mixta;;;
E783;Hiperquilomicronemia;;;
E784;Otra hiperlipidemia;;;
E785;Hiperlipidemia no especificada;;;
E786;Deficiencia de lipoproteinas;;;
E788;Otros trastornos del metabolismo de las lipoproteinas;;;
E789;Trastorno del metabolismo de las lipoproteinas; no especificado;;
E79;Trastornos del metabolismo de las purinas y de las pirimidinas;;;
E790;Hiperuricemia sin signos de artritis inflamatoria y enfermedad tofacea;;;
E791;Sindrome de lesch;;;
E798;Otros trastornos del metabolismo de las purinas y de las pirimidinas;;;
E799;Trastornos del metabolismo de las purinas y de las pirimidinas; no especificado;;
E80;Trastornos del metabolismo de las porfirinas y de la bilirrubina;;;
E800;Porfiria eritropoyetica hereditaria;;;
E801;Porfiria cutanea tardia;;;
E802;Otras porfirias;;;
E803;Defectos de catalasa y peroxidasa;;;
E804;Sindrome de gilbert;;;
E805;Sindrome de crigler;;;
E806;Otros trastornos del metabolismo de la bilirrubina;;;
E807;Trastornos del metabolismo de la bilirrubina; no especificado;;
E83;Trastornos del metabolismo de los minerales;;;
E830;Trastornos del metabolismo del cobre;;;
E831;Trastornos del metabolismo del hierro;;;
E832;Trastornos del metabolismo del zinc;;;
E833;Trastornos del metabolismo del fosforo;;;
E834;Trastornos del metabolismo del magnesio;;;
E835;Trastornos del metabolismo del calcio;;;
E838;Otros trastornos del metabolismo de los minerales;;;
E839;Trastorno del metabolismo de los minerales; no especificado;;
E84;Fibrosis quistica;;;
E840;Fibrosis quistica con manifestaciones pulmonares;;;
E841;Fibrosis quistica con manifestaciones intestinales;;;
E848;Fibrosis quistica con otras manifestaciones;;;
E849;Fibrosis quistica; sin otra especificacion;;
E85;Amiloidosis;;;
E850;Amiloidosis heredofamiliar no neuropatica;;;
E851;Amiloidosis heredofamiliar neuropatica;;;
E852;Amiloidosis heredofamiliar; no especificada;;
E853;Amiloidosis sistemica secundaria;;;
E854;Amiloidosis limitada a un organo;;;
E858;Otras amiloidosis;;;
E859;Amiloidosis; no especificada;;
E86;Deplecion del volumen;;;
E87;Otros trastornos de los liquidos; de los electrolitos y del equilibrio acido;;
E870;Hiperosmolaridad e hipernatremia;;;
E871;Hiposmolaridad e hipernatremia;;;
E872;Acidosis;;;
E873;Alcalosis;;;
E874;Trastornos mixtos del balance acido;;;
E875;Hiperpotasemia;;;
E876;Hipopotasmia;;;
E877;Sobrecarga de liquidos;;;
E878;Otros trastornos del equilibrio de los electrolitos y de los liquidos; no clasificados en otra parte;;
E88;Otros trastornos metabolicos;;;
E880;Trastornos del metabolismo de las proteinas plasmaticas; no clasificados en otra parte;;
E881;Lipodistrofia; no clasificada en otra parte;;
E882;Lipomatosis; no clasificada en otra parte;;
E888;Otros trastornos especificados del metabolismo;;;
E889;Trastorno metabolico; no especificado;;
E89;Trastornos endocrinos metabolicos consecutivos a procedimientos no clasificados en otra parte;;;
E890;Hipotiroidismo consecutivo a procedimientos;;;
E891;Hipoinsulinemia consecutiva a procedimientos;;;
E892;Hipoparatiroidismo consecutivo a procedimientos;;;
E893;Hipopituitarismo consecutivo a procedimientos;;;
E894;Insuficiencia ovarica consecutiva a procedimientos;;;
E895;Hipofuncion testicular consecutiva a procedimientos;;;
E896;Hipofuncion adrenocortical [medula suprarrenal] consecutiva a procedimientos;;;
E898;Otros trastornos metabolicos y endocrinos consecutivo a procedimientos;;;
E899;Trastorno endocrino y metabolico consecutivo a procedimientos; no especificado;;
E90;Trastornos nutricionales metabolicos en enfermedades clasificadas en otra parte;;;
F00;Demencia en la enfermedad de alzheimer;;;
F000;Demencia en la enfermedad de alzheimer; de comienzo temprano (g30.0);;
F001;Demencia en la enfermedad de alzheimer; de comienzo tardio (g30.1);;
F002;Demencia en la enfermedad de alzheimer; atipica o de tipo mixto (g30.8);;
F009;Demencia en la enfermedad de alzheimer; no especificada (g30.9);;
F01;Demencia vascular;;;
F010;Demencia vascular de comienzo agudo;;;
F011;Demencia vascular por infartos multiples;;;
F012;Demencia vascular subcortical;;;
F013;Demencia vascular mixta; cortical y subcortical;;
F018;Otras demencias vasculares;;;
F019;Demencia vascular; no especificada;;
F02;Demencia en otras enfermedades clasificadas otra parte;;;
F020;Demencia en la enfermedad de pick (g31.0);;;
F021;Demencia en la enfermedad de creutzfeldt;;;
F022;Demencia en la enfermedad de huntington (g10);;;
F023;Demencia en la enfermedad de parkinson (g20);;;
F024;Demencia en la enfermedad por virus de la inmunodeficiencia humana [vih] (b22.0);;;
F028;Demencia en otras enfermedades especificadas clasificadas en otra parte;;;
F03;Demencia no especificada;;;
F04;Sindrome amnesico organico; no inducido por el alcohol o por otras sustancias psicoactivas;;
F05;Delirio; no inducido por el alcohol o por otras sustancias psicoactivas;;
F050;Delirio no superpuesto a un cuadro de demencia; asi descrito;;
F051;Delirio superpuesto a un cuadro de demencia;;;
F058;Otros delirios;;;
F059;Delirio; no especificado;;
F06;Otros trastornos mentales debidos a lesion y disfuncion cerebral; y a enfermedad fisica;;
F060;Alucinosis organica;;;
F061;Trastorno catatonico; organico;;
F062;Trastorno delirante [esquizofreniforme]; organico;;
F063;Trastornos del humor [afectivos]; organicos;;
F064;Trastorno de ansiedad; organico;;
F065;Trastorno disociativo; organico;;
F066;Trastorno de labilidad emocional [astenico]; organico;;
F067;Trastorno cognoscitivo leve;;;
F068;Otros trastornos mentales especificados debidos a lesion y disfuncion cerebral y a enfermedad fisica;;;
F069;Trastorno mental no especificado debido a lesion y disfuncion cerebral y a enfermedad fisica;;;
F07;Trastornos de la personalidad y del comportamiento debidos a enfermedad; lesion o disfuncion cerebral;;
F070;Trastorno de la personalidad; organico;;
F071;Sindrome postencefalitico;;;
F072;Sindrome postconcusional;;;
F078;Otros trastornos organicos de la personalidad y del comportamiento debidos a enfermedad; lesion y disfuncion cerebrales;;
F079;Trastorno organico de la personalidad y del comportamiento; no especificado; debido a enfermedad; lesion y disfuncion cerebral
F09;Trastorno mental organico o sintomatico; no especificado;;
F10;Trastornos mentales y del comportamiento debidos al uso del alcohol;;;
F100;Trastornos mentales y del comportamiento debidos al uso del alcohol: intoxicacion aguda;;;
F101;Trastornos mentales y del comportamiento debidos al uso del alcohol: uso nocivo;;;
F102;Trastornos mentales y del comportamiento debidos al uso del alcohol: sindrome de dependencia;;;
F103;Trastornos mentales y del comportamiento debidos al uso del alcohol: estado de abstinencia;;;
F104;Trastornos mentales y del comportamiento debidos al uso del alcohol: estado de abstinencia con delirio;;;
F105;Trastornos mentales y del comportamiento debidos al uso del alcohol: trastorno psicotico;;;
F106;Trastornos mentales y del comportamiento debidos al uso del alcohol: sindrome amnesico;;;
F107;Trastornos mentales y del comportamiento debidos al uso del alcohol: trastorno psicotico residual y de comienzo tardio;;;
F108;Trastornos mentales y del comportamiento debidos al uso del alcohol: otros trastornos mentales y del comportamiento;;;
F109;Trastornos mentales y del comportamiento debidos al uso del alcohol: trastorno mental y del comportamiento; no especificado;;
F11;Trastornos mentales y del comportamiento debidos al uso de opiaceos;;;
F110;Trastornos mentales y del comportamiento debidos al uso de opiaceos: intoxicacion aguda;;;
F111;Trastornos mentales y del comportamiento debidos al uso de opiaceos: uso nocivo;;;
F112;Trastornos mentales y del comportamiento debidos al uso de opiaceos: sindrome de dependencia;;;
F113;Trastornos mentales y del comportamiento debidos al uso de opiaceos: estado de abstinencia;;;
F114;Trastornos mentales y del comportamiento debidos al uso de opiaceos: estado de abstinencia con delirio;;;
F115;Trastornos mentales y del comportamiento debidos al uso de opiaceos: trastorno psicotico;;;
F116;Trastornos mentales y del comportamiento debidos al uso de opiaceos: sindrome amnesico;;;
F117;Trastornos mentales y del comportamiento debidos al uso de opiaceos: trastorno psicotico residual y de comienzo tardio;;;
F118;Trastornos mentales y del comportamiento debidos al uso de opiaceos: otros trastornos mentales y del comportamiento;;;
F119;Trastornos mentales y del comportamiento debidos al uso de opiaceos: trastorno mental y del comportamiento; no especificado;;
F12;Trastornos mentales y del comportamiento debidos al uso de cannabinoides;;;
F120;Trastornos mentales y del comportamiento debidos al uso de cannabinoides: intoxicacion aguda;;;
F121;Trastornos mentales y del comportamiento debidos al uso de cannabinoides: uso nocivo;;;
F122;Trastornos mentales y del comportamiento debidos al uso de cannabinoides: sindrome de dependencia;;;
F123;Trastornos mentales y del comportamiento debidos al uso de cannabinoides: estado de abstinencia;;;
F124;Trastornos mentales y del comportamiento debidos al uso de cannabinoides: estado de abstinencia con delirio;;;
F125;Trastornos mentales y del comportamiento debidos al uso de cannabinoides: trastorno psicotico;;;
F126;Trastornos mentales y del comportamiento debidos al uso de cannabinoides: sindrome amnesico;;;
F127;Trastornos mentales y del comportamiento debidos al uso de cannabinoides: trastorno psicotico residual y de comienzo tardio;;;
F128;Trastornos mentales y del comportamiento debidos al uso de cannabinoides: otros trastornos mentales y del comportamiento;;;
F129;Trastornos mentales y del comportamiento debidos al uso de cannabinoides: trastorno mental y del comportamiento; no especificado;;
F13;Trastornos mentales y del comportamiento debidos al uso de sedantes o hipnoticos;;;
F130;Trastornos mentales y del comportamiento debidos al uso de sedantes o hipnoticos: intoxicacion aguda;;;
F131;Trastornos mentales y del comportamiento debidos al uso de sedantes o hipnoticos: uso nocivo;;;
F132;Trastornos mentales y del comportamiento debidos al uso de sedantes o hipnoticos: sindrome de dependencia;;;
F133;Trastornos mentales y del comportamiento debidos al uso de sedantes o hipnoticos: estado de abstinencia;;;
F134;Trastornos mentales y del comportamiento debidos al uso de sedantes o hipnoticos: estado de abstinencia con delirio;;;
F135;Trastornos mentales y del comportamiento debidos al uso de sedantes o hipnoticos: trastorno psicotico;;;
F136;Trastornos mentales y del comportamiento debidos al uso de sedantes o hipnoticos: sindrome amnesico;;;
F137;Trastornos mentales y del comportamiento debidos al uso de sedantes o hipnoticos: trastorno psicotico residual y de comienzo tardio;;;
F138;Trastornos mentales y del comportamiento debidos al uso de sedantes o hipnoticos: otros trastornos mentales y del comportamiento;;;
F139;Trastornos mentales y del comportamiento debidos al uso de sedantes o hipnoticos: trastorno mental y del comportamiento; no especificado;;
F14;Trastornos mentales y del comportamiento debidos al uso de cocaina;;;
F140;Trastornos mentales y del comportamiento debidos al uso de cocaina: intoxicacion aguda;;;
F141;Trastornos mentales y del comportamiento debidos al uso de cocaina: uso nocivo;;;
F142;Trastornos mentales y del comportamiento debidos al uso de cocaina: sindrome de dependencia;;;
F143;Trastornos mentales y del comportamiento debidos al uso de cocaina: estado de abstinencia;;;
F144;Trastornos mentales y del comportamiento debidos al uso de cocaina: estado de abstinencia con delirio;;;
F145;Trastornos mentales y del comportamiento debidos al uso de cocaina: trastorno psicotico;;;
F146;Trastornos mentales y del comportamiento debidos al uso de cocaina: sindrome amnesico;;;
F147;Trastornos mentales y del comportamiento debidos al uso de cocaina: trastorno psicotico residual y de comienzo tardio;;;
F148;Trastornos mentales y del comportamiento debidos al uso de cocaina: otros trastornos mentales y del comportamiento;;;
F149;Trastornos mentales y del comportamiento debidos al uso de cocaina: trastorno mental y del comportamiento; no especificado;;
F15;Trastornos mentales y del comportamiento debidos al uso de otros estimulantes;;;
F150;Trastornos mentales y del comportamiento debidos al uso de otros estimulantes; incluida la cafeina: intoxicacion aguda;;
F151;Trastornos mentales y del comportamiento debidos al uso de otros estimulantes; incluida la cafeina: uso nocivo;;
F152;Trastornos mentales y del comportamiento debidos al uso de otros estimulantes; incluida la cafeina: sindrome de dependencia;;
F153;Trastornos mentales y del comportamiento debidos al uso de otros estimulantes; incluida la cafeina: estado de abstinencia;;
F154;Trastornos mentales y del comportamiento debidos al uso de otros estimulantes; incluida la cafeina:. estado de abstinencia con delirio;;
F155;Trastornos mentales y del comportamiento debidos al uso de otros estimulantes; incluida la cafeina: trastorno psicotico;;
F156;Trastornos mentales y del comportamiento debidos al uso de otros estimulantes; incluida la cafeina: sindrome amnesico;;
F157;Trastornos mentales y del comportamiento debidos al uso de otros estimulantes; incluida la cafeina: trastorno psicotico residual y de comienzo tardio;;
F158;Trastornos mentales y del comportamiento debidos al uso de otros estimulantes; incluida la cafeina: otros trastornos mentales y del comportamiento;;
F159;Trastornos mentales y del comportamiento debidos al uso de otros estimulantes; incluida la cafeina: trastorno mental y del comportamiento; no especificado;
F16;Trastornos mentales y del comportamiento debidos al uso de alucinogenos;;;
F160;Trastornos mentales y del comportamiento debidos al uso de alucinogenos: intoxicacion aguda;;;
F161;Trastornos mentales y del comportamiento debidos al uso de alucinogenos: uso nocivo;;;
F162;Trastornos mentales y del comportamiento debidos al uso de alucinogenos: sindrome de dependencia;;;
F163;Trastornos mentales y del comportamiento debidos al uso de alucinogenos: estado de abstinencia;;;
F164;Trastornos mentales y del comportamiento debidos al uso de alucinogenos: estado de abstinencia con delirio;;;
F165;Trastornos mentales y del comportamiento debidos al uso de alucinogenos: trastorno psicotico;;;
F166;Trastornos mentales y del comportamiento debidos al uso de alucinogenos: sindrome amnesico;;;
F167;Trastornos mentales y del comportamiento debidos al uso de alucinogenos: trastorno psicotico residual y de comienzo tardio;;;
F168;Trastornos mentales y del comportamiento debidos al uso de alucinogenos: otros trastornos mentales y del comportamiento;;;
F169;Trastornos mentales y del comportamiento debidos al uso de alucinogenos: trastorno mental y del comportamiento; no especificado;;
F17;Trastornos mentales y del comportamiento debidos al uso del tabaco;;;
F170;Trastornos mentales y del comportamiento debidos al uso de tabaco: intoxicacion aguda;;;
F171;Trastornos mentales y del comportamiento debidos al uso de tabaco: uso nocivo;;;
F172;Trastornos mentales y del comportamiento debidos al uso de tabaco: sindrome de dependencia;;;
F173;Trastornos mentales y del comportamiento debidos al uso de tabaco: estado de abstinencia;;;
F174;Trastornos mentales y del comportamiento debidos al uso de tabaco: estado de abstinencia con delirio;;;
F175;Trastornos mentales y del comportamiento debidos al uso de tabaco: trastorno psicotico;;;
F176;Trastornos mentales y del comportamiento debidos al uso de tabaco: sindrome amnesico;;;
F177;Trastornos mentales y del comportamiento debidos al uso de tabaco: trastorno psicotico residual y de comienzo tardio;;;
F178;Trastornos mentales y del comportamiento debidos al uso de tabaco: otros trastornos mentales y del comportamiento;;;
F179;Trastornos mentales y del comportamiento debidos al uso de tabaco: trastorno mental y del comportamiento; no especificado;;
F18;Trastornos mentales y del comportamiento debidos al uso de disolventes volatiles;;;
F180;Trastornos mentales y del comportamiento debidos al uso de disolventes volatiles: intoxicacion aguda;;;
F181;Trastornos mentales y del comportamiento debidos al uso de disolventes volatiles: uso nocivo;;;
F182;Trastornos mentales y del comportamiento debidos al uso de disolventes volatiles: sindrome de dependencia;;;
F183;Trastornos mentales y del comportamiento debidos al uso de disolventes volatiles: estado de abstinencia;;;
F184;Trastornos mentales y del comportamiento debidos al uso de disolventes volatiles: estado de abstinencia con delirio;;;
F185;Trastornos mentales y del comportamiento debidos al uso de disolventes volatiles: trastorno psicotico;;;
F186;Trastornos mentales y del comportamiento debidos al uso de disolventes volatiles: sindrome amnesico;;;
F187;Trastornos mentales y del comportamiento debidos al uso de disolventes volatiles: trastorno psicotico residual y de comienzo tardio;;;
F188;Trastornos mentales y del comportamiento debidos al uso de disolventes volatiles: otros trastornos mentales y del comportamiento;;;
F189;Trastornos mentales y del comportamiento debidos al uso de disolventes volatiles: trastorno mental y del comportamiento; no especificado;;
F19;Trastornos mentales y del comportamiento debidos al uso de multiples drogas y al uso de otras sustancias psicoactivas;;;
F190;Trastornos mentales y del comportamiento debidos al uso de multiples drogas y al uso de otras sustancias psicoactivas: intoxicacion aguda;;;
F191;Trastornos mentales y del comportamiento debidos al uso de multiples drogas y al uso de otras sustancias psicoactivas: uso nocivo;;;
F192;Trastornos mentales y del comportamiento debidos al uso de multiples drogas y al uso de otras sustancias psicoactivas: sindrome de dependencia;;;
F193;Trastornos mentales y del comportamiento debidos al uso de multiples drogas y al uso de otras sustancias psicoactivas: estado de abstinencia;;;
F194;Trastornos mentales y del comportamiento debidos al uso de multiples drogas y al uso de otras sustancias psicoactivas: estado de abstinencia con delirio;;;
F195;Trastornos mentales y del comportamiento debidos al uso de multiples drogas y al uso de otras sustancias psicoactivas: trastorno psicotico;;;
F196;Trastornos mentales y del comportamiento debidos al uso de multiples drogas y al uso de otras sustancias psicoactivas: sindrome amnesico;;;
F197;Trastornos mentales y del comportamiento debidos al uso de multiples drogas y al uso de otras sustancias psicoactivas: trastorno psicotico residual y de comienzo tardio;;;
F198;Trastornos mentales y del comportamiento debidos al uso de multiples drogas y al uso de otras sustancias psicoactivas: otros trastornos mentales y del comportamiento;;;
F199;Trastornos mentales y del comportamiento debidos al uso de multiples drogas y al uso de otras sustancias psicoactivas: trastorno mental y del comportamiento; no especificado;;
F20;Esquizofrenia;;;
F200;Esquizofrenia paranoide;;;
F201;Esquizofrenia hebefrenica;;;
F202;Esquizofrenia catatonica;;;
F203;Esquizofrenia indiferenciada;;;
F204;Depresion postesquizofrenica;;;
F205;Esquizofrenia residual;;;
F206;Esquizofrenia simple;;;
F208;Otras esquizofrenias;;;
F209;Esquizofrenia; no especificada;;
F21;Trastorno esquizotipico;;;
F22;Trastornos delirantes persistentes;;;
F220;Trastorno delirante;;;
F228;Otros trastornos delirantes persistentes;;;
F229;Trastorno delirante persistente; no especificado;;
F23;Trastornos psicoticos agudos y transitorios;;;
F230;Trastorno psicotico agudo polimorfo; sin sintomas de esquizofrenia;;
F231;Trastorno psicotico agudo polimorfo; con sintomas de esquizofrenia;;
F232;Trastorno psicotico agudo de tipo esquizofrenico;;;
F233;Otro trastorno psicotico agudo; con predominio de ideas delirantes;;
F238;Otros trastornos psicoticos agudos y transitorios;;;
F239;Trastorno psicotico agudo y transitorio; no especificado de tipo esquizofrenico;;
F24;Trastorno delirante inducido;;;
F25;Trastornos esquizoafectanivos;;;
F250;Trastorno esquizoafectivo de tipo maniaco;;;
F251;Trastorno esquizoafectivo de tipo depresivo;;;
F252;Trastorno esquizoafectivo de tipo mixto;;;
F258;Otros trastornos esquizoafectivos;;;
F259;Trastorno esquizoafectivo; no especificado;;
F28;Otros trastornos psicoticos de origen no organico;;;
F29;Psicosis de origen no organico; no especificada;;
F30;Episodio maniaco;;;
F300;Hpomania;;;
F301;Mania sin sintomas psicoticos;;;
F302;Mania con sintomas psicoticos;;;
F308;Otros episodios maniacos;;;
F309;Episodio maniaco; no especificado;;
F31;Trastorno afectanivo bipolar;;;
F310;Trastorno afectivo bipolar; episodio hipomaniaco presente;;
F311;Trastorno afectivo bipolar; episodio maniaco presente sin sintomas psicoticos;;
F312;Trastorno afectivo bipolar; episodio maniaco presente con sintomas psicoticos;;
F313;Trastorno afectivo bipolar; episodio depresivo presente leve o moderado;;
F314;Trastorno afectivo bipolar; episodio depresivo grave presente sin sintomas psicoticos;;
F315;Trastorno afectivo bipolar; episodio depresivo grave presente con sintomas psicoticos;;
F316;Trastorno afectivo bipolar; episodio mixto presente;;
F317;Trastorno afectivo bipolar; actualmente en remision;;
F318;Otros trastornos afectivos bipolares;;;
F319;Trastorno afectivo bipolar; no especificado;;
F32;Episodio depresivo;;;
F320;Episodio depresivo leve;;;
F321;Episodio depresivo moderado;;;
F322;Episodio depresivo grave sin sintomas psicoticos;;;
F323;Episodio depresivo grave con sintomas psicoticos;;;
F328;Otros episodios depresivos;;;
F329;Episodio depresivo; no especificado;;
F33;Trastorno depresivo recurrente;;;
F330;Trastorno depresivo recurrente; episodio leve presente;;
F331;Trastorno depresivo recurrente; episodio moderado presente;;
F332;Trastorno depresivo recurrente; episodio depresivo grave presente sin sintomas psicoticos;;
F333;Trastorno depresivo recurrente; episodio depresivo grave presente; con sintomas psicoticos;
F334;Trastorno depresivo recurrente actualmente en remision;;;
F338;Otros trastornos depresivos recurrentes;;;
F339;Trastorno depresivo recurrente; no especificado;;
F34;Trastornos del humor [ afectivos ] persistentes;;;
F340;Ciclotimia;;;
F341;Distimia;;;
F348;Otros trastornos del humor [afectivos] persistentes;;;
F349;Trastorno persistente del humor [afectivo]; no especificado;;
F38;Otros trastornos del humor [ afectivos ];;;
F380;Otros trastornos del humor [afectivos]; aislados;;
F381;Otros trastornos del humor [afectivos]; recurrentes;;
F388;Otros trastornos del humor [afectivos]; especificados;;
F39;Trastorno del humor [ afectivos ]; no especificado;;
F40;Trastornos fobicos de ansiedad;;;
F400;Agorafobia;;;
F401;Fobias sociales;;;
F402;Fobias especificadas [aisladas];;;
F408;Otros trastornos fobicos de ansiedad;;;
F409;Trastorno fobico de ansiedad; no especificado;;
F41;Otros trastornos de ansiedad;;;
F410;Trastorno de panico [ansiedad paroxistica episodica];;;
F411;Trastorno de ansiedad generalizada;;;
F412;Trastorno mixto de ansiedad y depresion;;;
F413;Otros trastornos de ansiedad mixtos;;;
F418;Otros trastornos de ansiedad especificados;;;
F419;Trastorno de ansiedad ; no especificado;;
F42;Trastorno obsesivo;;;
F420;Predominio de pensamientos o rumiaciones obsesivas;;;
F421;Predominio de actos compulsivos [rituales obsesivos];;;
F422;Actos e ideas obsesivas mixtos;;;
F428;Otros trastornos obsesivo;;;
F429;Trastorno obsesivo;;;
F43;Reaccion al estres grave y trastornos de adaptacion;;;
F430;Reaccion al estres agudo;;;
F431;Trastorno de estres postraumatico;;;
F432;Trastornos de adaptacion;;;
F438;Otras reacciones al estres grave;;;
F439;Reaccion al estres grave; no especificada;;
F44;Trastornos disociativos [ de conversion ];;;
F440;Amnesia disociativa;;;
F441;Fuga disociativa;;;
F442;Estupor disociativo;;;
F443;Trastornos de trance y de posesion;;;
F444;Trastornos disociativos del movimiento;;;
F445;Convulsiones disociativas;;;
F446;Anestesia disociativa y perdida sensorial;;;
F447;Trastornos disociativos mixtos [y de conversion];;;
F448;Otros trastornos disociativos [de conversion];;;
F449;Trastorno disociativo [de conversion]; no especificado;;
F45;Trastornos somatomorfos;;;
F450;Trastorno de somatizacion;;;
F451;Trastorno somatomorfo indiferenciado;;;
F452;Trastorno hipocondriaco;;;
F453;Disfuncion autonomica somatomorfa;;;
F454;Trastorno de dolor persistente somatomorfo;;;
F458;Otros trastornos somatomorfos;;;
F459;Trastorno somatomorfo; no especificado;;
F48;Otros trastornos neuroticos;;;
F480;Neurastenia;;;
F481;Sindrome de despersonalizacion y desvinculacion de la realidad;;;
F488;Otros trastornos neuroticos especificados;;;
F489;Trastorno neurotico; no especificado;;
F50;Trastornos de la ingestion de alimentos;;;
F500;Anorexia nerviosa;;;
F501;Anorexia nerviosa atipica;;;
F502;Bulimia nerviosa;;;
F503;Bulimia nerviosa atipica;;;
F504;Hiperfagia asociada con otras alteraciones psicologicas;;;
F505;Vomitos asociados con otras alteraciones psicologicas;;;
F508;Otros trastornos de la ingestion de alimentos;;;
F509;Trastorno de la ingestion de alimentos; no especificado;;
F51;Trastornos no organicos del sueno;;;
F510;Insomnio no organico;;;
F511;Hipersomnio no organico;;;
F512;Trastorno no organico del ciclo sueño;;;
F513;Sonambulismo;;;
F514;Terrores del sueño [terrores nocturnos];;;
F515;Pesadillas;;;
F518;Otros trastornos no organicos del sueño;;;
F519;Trastorno no organico del sueño; no especificado;;
F52;Disfuncion sexual no ocasionada por trastornos ni enfermedades organicos;;;
F520;Falta o perdida del deseo sexual;;;
F521;Aversion al sexo y falta de goce sexual;;;
F522;Falla de la respuesta genital;;;
F523;Disfuncion orgasmica;;;
F524;Eyaculacion precoz;;;
F525;Vaginismo no organico;;;
F526;Dispareunia no organica;;;
F527;Impulso sexual excesivo;;;
F528;Otras disfunciones sexuales; no ocasionadas por trastorno ni por enfermedad organicos;;
F529;Disfuncion sexual; no ocasionada por trastorno ni por enfermedad organicos; no especificada;
F53;Trastornos mentales y del comportamiento asociados alpuerperio no clasificadas en otra parte;;;
F530;Trastornos mentales y del comportamiento leves; asociados con el puerperio; no clasificados en otra parte;
F531;Trastornos mentales y del comportamiento graves; asociados con el puerperio; no clasificados en otra parte;
F538;Trastornos mentales y del comportamiento asociados con el puerperio; no clasificados en otra parte;;
F539;Trastorno mental puerperal; no especificado;;
F54;Factores psicologicos y del comportamiento asociados a enfermedades clasificados en otra parte;;;
F55;Abuso de sustancias que no producen dependencia;;;
F59;Sindrome del comportamiento asociados con alteraciones fisiologicas y factores fisicos no especificados;;;
F60;Trastornos especificos de la personalidad;;;
F600;Trastorno paranoide de la personalidad;;;
F601;Trastorno esquizoide de la personalidad;;;
F602;Trastorno asocial de la personalidad;;;
F603;Trastorno de la personalidad emocionalmente inestable;;;
F604;Trastorno histrionico de la personalidad;;;
F605;Trastorno anancastico de la personalidad;;;
F606;Trastorno de la personalidad ansiosa (evasiva; elusiva);;
F607;Trastorno de la personalidad dependiente;;;
F608;Otros trastornos especificos de la personalidad;;;
F609;Trastorno de la personalidad; no especificado;;
F61;Trastornos mixtos y otros trastornos de la personalidad;;;
F62;Cambios perdurables de la personalid no atribuibles a lesion o a enfermedad cerebral;;;
F620;Cambio perdurable de la personalidad despues de una experiencia catastrofica;;;
F621;Cambio perdurable de la personalidad consecutivo a una enfermedad psiquiatrica;;;
F628;Otros cambios perdurables de la personalidad;;;
F629;Cambio perdurable de la personalidad; no especificado;;
